v2ProductName,sessions,viewers,product_view_rate,product_desirability
Google Engraved Ceramic Mug,251,32,12.75,mid desirability
Google Men's Bike Short Sleeve Tee Charcoal,1011,98,9.69,low desirability
Gift Card - $25.00,3577,342,9.56,low desirability
Google Laptop Tech Backpack,15602,1409,9.03,low desirability
Google Baby Essentials Set,6718,605,9.01,low desirability
Google Badge Pull,125,11,8.8,low desirability
Mistral Rucksack,4961,401,8.08,low desirability
Google Sunglasses,41167,3308,8.04,low desirability
Google Alpine Style Backpack,77709,5831,7.5,low desirability
Waterproof Backpack,76221,5572,7.31,low desirability
Google Rucksack,63278,4472,7.07,low desirability
15 oz Ceramic Mug,246,17,6.91,low desirability
Google Phone Sanitizer,18292,1250,6.83,low desirability
Oasis Backpack,4969,333,6.7,low desirability
Keyboard DOT Sticker,65867,4412,6.7,low desirability
Google Youth Girl Hoodie,7478,501,6.7,low desirability
Deluge Waterproof Backpack,5009,333,6.65,low desirability
Gift Card- $100.00,3653,239,6.54,low desirability
Google Laptop and Cell Phone Stickers,77150,5008,6.49,low desirability
Micro Wireless Earbud,34380,2212,6.43,low desirability
Engraved Ceramic Google Mug,35009,2223,6.35,low desirability
25L Classic Rucksack,27912,1753,6.28,low desirability
BLM Sweatshirt,2560,154,6.02,low desirability
Micro Wireless Earbuds,8940,529,5.92,low desirability
Google Laptop Backpack,58696,3429,5.84,low desirability
Google Men's  Zip Hoodie,87949,5089,5.79,low desirability
Gift Card - $50.00,3592,205,5.71,low desirability
26 oz Double Wall Insulated Bottle,60915,3438,5.64,low desirability
Google Collapsible Duffel,10253,571,5.57,low desirability
Recycled Paper Journal Set,10184,564,5.54,low desirability
Google Doodle Decal,29712,1610,5.42,low desirability
ATOM Wireless Earbud Headset,3803,204,5.36,low desirability
Leatherette Journal,33149,1720,5.19,low desirability
Solo Pro Backpack,3901,201,5.15,low desirability
Google Youth Short Sleeve Tee White,6099,311,5.1,low desirability
Google Metallic Notebook Set,28367,1446,5.1,low desirability
Google Youth Baseball Raglan Heather/Black,7585,380,5.01,low desirability
Red Shine 15 oz Mug,46036,2218,4.82,low desirability
YouTube Sticker Sheet,1355,65,4.8,low desirability
Google Men's 100% Cotton Short Sleeve Hero Tee White,168223,8036,4.78,low desirability
22 oz Mini Mountain Bottle,3628,172,4.74,low desirability
Google Power Bank,34596,1603,4.63,low desirability
Google Twill Cap,62783,2893,4.61,low desirability
Google Toddler Hoodie Royal Blue,11571,533,4.61,low desirability
Badge Holder,26625,1205,4.53,low desirability
Google Stretch Fit Hat M/L Navy,444,20,4.5,low desirability
Google Women's Yoga Pants,7727,346,4.48,low desirability
Waze Men's Short Sleeve Tee,1073,47,4.38,low desirability
Google 22 oz Water Bottle,32655,1391,4.26,low desirability
Google Onesie Green,10819,453,4.19,low desirability
Google Stretch Fit Hat,11173,465,4.16,low desirability
Google Hard Cover Journal,13690,552,4.03,low desirability
YouTube Men's Fleece Hoodie Black,11475,444,3.87,low desirability
Fashion Sunglasses & Pouch,28654,1107,3.86,low desirability
Google Women's Vintage Hero Tee Black,8048,309,3.84,low desirability
Google Infant Zip Hood Royal Blue,13139,504,3.84,low desirability
Google Toddler Short Sleeve Tee White,6469,246,3.8,low desirability
Google Infant Zip Hood Pink,13382,503,3.76,low desirability
Google 25 oz Clear Stainless Steel Bottle,247,9,3.64,low desirability
Koozie Can Kooler,5143,186,3.62,low desirability
Android 14 oz Mug White/Green,443,16,3.61,low desirability
Google Men's Heavyweight Long Sleeve Hero Tee Navy,6342,228,3.6,low desirability
Large Recycled Journal/Pen Combo,2136,74,3.46,low desirability
4-in-1 Carabiner Charger,19213,664,3.46,low desirability
Google Youth Sports Tee Navy,7109,241,3.39,low desirability
Google RFID Journal,14084,476,3.38,low desirability
Google Onesie Red/Graphite,9145,309,3.38,low desirability
YouTube Custom Decals,128006,4319,3.37,low desirability
Blue Metallic Textured Spiral Notebook Set,3879,130,3.35,low desirability
Google Tube Power Bank,39949,1333,3.34,low desirability
Google Youth Short Sleeve T-shirt Royal Blue,10208,340,3.33,low desirability
Maze Pen,42746,1415,3.31,low desirability
Google Canvas Tote Fruit Games Lemon,3895,128,3.29,low desirability
Google Women's Fleece Hoodie,53163,1744,3.28,low desirability
Google Infant Short Sleeve Tee White,7795,256,3.28,low desirability
Google Onesie Royal Blue,7549,245,3.25,low desirability
Google Bluetooth Headphones,28907,938,3.24,low desirability
20 oz Stainless Steel Insulated Tumbler,59983,1927,3.21,low desirability
Android Rise 14 oz Mug,60970,1933,3.17,low desirability
Google Toddler Short Sleeve Tee Red,6486,205,3.16,low desirability
Google Sports Bag,444,14,3.15,low desirability
Google Adult Tee Fruit Games Pineapple,3903,123,3.15,low desirability
Google Men's Around The Block Short Sleeve Tee Ash,259,8,3.09,low desirability
Google Leather Journal,3201,99,3.09,low desirability
Google Kick Ball,41440,1280,3.09,low desirability
Android Onesie Gold,9320,288,3.09,low desirability
Waze Mobile Phone Vent Mount,15023,460,3.06,low desirability
8pc Android Sticker Sheet,262,8,3.05,low desirability
Google Canvas Tote Natural/Navy,48185,1436,2.98,low desirability
Spiral Notebook and Pen Set,31514,922,2.93,low desirability
Google Blackout Cap,21001,614,2.92,low desirability
Windup Android,73752,2136,2.9,low desirability
Reusable Shopping Bag,20505,594,2.9,low desirability
Pen Pencil & Highlighter Set,43445,1262,2.9,low desirability
Google Tri-blend Hoodie Grey,50262,1460,2.9,low desirability
Google Men's Performance Full Zip Jacket Black,49178,1418,2.88,low desirability
Google Men's Lightweight Microfleece Jacket Black,41870,1203,2.87,low desirability
Google 17 oz Double Wall Stainless Steel Insulated Bottle,12052,342,2.84,low desirability
PowerClip Lightning Charger,3775,107,2.83,low desirability
Aria Bluetooth Speaker,6826,192,2.81,low desirability
Digital Lightshow Smart Speaker and Notification Center,24742,691,2.79,low desirability
Google Onesie Red,7261,202,2.78,low desirability
Google G Noise-reducing Bluetooth Headphones,65657,1822,2.78,low desirability
Google Men's Performance Badge Tee Black,650,18,2.77,low desirability
Google Men's 100% Cotton Short Sleeve Hero Tee Black,111987,3103,2.77,low desirability
Google Men's Zip Hoodie,1524,42,2.76,low desirability
Clip-on Compact Charger,31821,862,2.71,low desirability
Waterproof Gear Bag,24313,651,2.68,low desirability
Google Slim Utility Travel Bag,47548,1256,2.64,low desirability
Google Water Resistant Bluetooth Speaker,60070,1576,2.62,low desirability
Google Women's Performance Full Zip Jacket Black,23320,606,2.6,low desirability
Google Men's Pullover Hoodie,21291,550,2.58,low desirability
Google Leather Perforated Journal,2791,72,2.58,low desirability
25 oz. Infusion Water Bottle,1590,41,2.58,low desirability
Google Youth Girl Tee Green,7022,180,2.56,low desirability
Google 25 oz Blue Stainless Steel Bottle,3906,100,2.56,low desirability
Google 17oz Stainless Steel Sport Bottle,69648,1783,2.56,low desirability
Recycled Mouse Pad,70626,1797,2.54,low desirability
Chevron Shopper,3586,91,2.54,low desirability
YouTube Leatherette Notebook Combo,106310,2685,2.53,low desirability
Google Women's Vintage Hero Tee White,18815,476,2.53,low desirability
Google Men's Weatherblock Shell Jacket Black,36798,931,2.53,low desirability
Google Women's Short Sleeve Hero Tee White,68714,1727,2.51,low desirability
"Google High Capacity 10,400mAh Charger",45888,1149,2.5,low desirability
UFO Bluetooth Water Resistant Speaker,3780,94,2.49,low desirability
Google Women's Long Sleeve Blended Cardigan Charcoal,3403,84,2.47,low desirability
Google Men's Quilted Insulated Vest Black,43467,1071,2.46,low desirability
Collapsible Shopping Bag,48590,1196,2.46,low desirability
Google Spiral Journal with Pen,4873,119,2.44,low desirability
YouTube Youth Short Sleeve Tee Red,35644,865,2.43,low desirability
Yoga Mat,25945,631,2.43,low desirability
Google Toddler Short Sleeve T-shirt Royal Blue,10140,246,2.43,low desirability
Google Men's Vintage Badge Tee Black,85767,2085,2.43,low desirability
YouTube Notebook Set,1033,25,2.42,low desirability
Google Toddler Raglan Shirt Blue Heather/Navy,15324,371,2.42,low desirability
Google Insulated Stainless Steel Bottle,46858,1132,2.42,low desirability
Crunch Noise Dog Toy,20051,485,2.42,low desirability
Google Women's Vintage Hero Tee Lavender,7972,192,2.41,low desirability
Google Youth Short Sleeve Tee Red,7090,170,2.4,low desirability
Android Journal Book Set,33144,797,2.4,low desirability
Google Collapsible Pet Bowl,22127,525,2.37,low desirability
Android Sticker Sheet Ultra Removable,64537,1516,2.35,low desirability
Sport Bag,61386,1435,2.34,low desirability
Google Men's Long Sleeve Raglan Ocean Blue,59193,1387,2.34,low desirability
Android Youth Short Sleeve T-shirt Pewter,11784,272,2.31,low desirability
Google 2200mAh Micro Charger,21103,486,2.3,low desirability
Waterpoof Gear Bag,7663,172,2.24,low desirability
Seat Pack Organizer,56590,1265,2.24,low desirability
Google Men's Softshell Jacket Black/Grey,11821,264,2.23,low desirability
Google Adult Tee Fruit Games Dragonfruit,3774,84,2.23,low desirability
Google Youth Short Sleeve T-shirt Green,9542,212,2.22,low desirability
Google Women's Quilted Insulated Vest Black,14754,328,2.22,low desirability
Google Men's Pullover Hoodie Grey,58061,1291,2.22,low desirability
YouTube 24 oz Stripe Accent Bottle,913,20,2.19,low desirability
Google Men's 100% Cotton Short Sleeve Hero Tee Navy,112083,2448,2.18,low desirability
Blue Keeper Notebook Set with Flap,4852,106,2.18,low desirability
Google Men's Watershed Full Zip Hoodie Grey,90151,1955,2.17,low desirability
Android Baby Essentials Baby Set,5523,117,2.12,low desirability
Google Women's 3/4 Sleeve Baseball Raglan Heather/Black,31504,665,2.11,low desirability
Google 25 oz Red Stainless Steel Bottle,10680,225,2.11,low desirability
Metal Earbuds with Small Zipper Case,50093,1054,2.1,low desirability
Google Men's Short Sleeve Performance Badge Tee Black,24264,510,2.1,low desirability
Google Toddler Tee Fruit Games Pineapple,3786,79,2.09,low desirability
Gift Card - $250.00,7218,151,2.09,low desirability
Set of 3 Nested Travel Cases,3562,74,2.08,low desirability
Color Changing Grip Pen,16172,337,2.08,low desirability
UpCycled Handlebar Bag,14233,293,2.06,low desirability
Large Zipper Top Tote Bag,32522,663,2.04,low desirability
Google Men's Long Sleeve Raglan Cranberry,248,5,2.02,low desirability
Foam Can and Bottle Cooler,44648,904,2.02,low desirability
Set of 3 Packing Cubes,5978,120,2.01,low desirability
Google Heavyweight Long Sleeve Hero Tee Navy,36857,740,2.01,low desirability
8 pc Android Sticker Sheet,50944,1024,2.01,low desirability
YouTube Twill Cap,128690,2569,2.0,low desirability
Colored Pencil Set,40980,818,2.0,low desirability
Latitudes Foldaway Shopper,3576,71,1.99,low desirability
Android Youth Short Sleeve T-shirt Aqua,11956,237,1.98,low desirability
Android Toddler Short Sleeve T-shirt Pink,12400,245,1.98,low desirability
Google Women's Convertible Vest-Jacket Black,13152,259,1.97,low desirability
Google Stylus Pen w/ LED Light,62724,1233,1.97,low desirability
Google Car Clip Phone Holder,64426,1260,1.96,low desirability
Google Red Spiral Notebook,256,5,1.95,low desirability
Four Color Retractable Pen,36606,714,1.95,low desirability
Google Women's V-Neck Tee Charcoal,9443,183,1.94,low desirability
Google Women's Quilted Insulated Vest White,11186,217,1.94,low desirability
Kick Ball,3725,71,1.91,low desirability
Android Toddler Short Sleeve T-shirt Pewter,11876,227,1.91,low desirability
Android BTTF Moonshot Shirt,7267,139,1.91,low desirability
Google Women's Recycled Fabric Tee,5828,110,1.89,low desirability
Google Wool Heather Cap Heather/Navy,38069,717,1.88,low desirability
24 oz USA Made Aluminum Bottle,23264,435,1.87,low desirability
Insulated Bottle,33265,619,1.86,low desirability
Google PowerKit,17771,331,1.86,low desirability
PaperMate Ink Joy RT Pen,3882,72,1.85,low desirability
Softsided Travel Pouch Set,47176,868,1.84,low desirability
Red Spiral Google Notebook,45128,829,1.84,low desirability
Google Flashlight,49448,908,1.84,low desirability
Google Men's Performance Hero Tee Gunmetal,10881,198,1.82,low desirability
Electronics Accessory Pouch,95404,1734,1.82,low desirability
Android BTTF Cosmos Shirt,7322,133,1.82,low desirability
YouTube Men's Short Sleeve Hero Tee Black,138676,2514,1.81,low desirability
Google Toddler 1/4 Zip Fleece Pewter,14077,255,1.81,low desirability
Google Women's Yoga Jacket Black,26033,467,1.79,low desirability
Ballpoint Pen Blue,15035,269,1.79,low desirability
Android Men's Engineer Short Sleeve Tee Charcoal,22546,404,1.79,low desirability
Android Lunch Kit,39891,713,1.79,low desirability
Google Pet Feeding Mat,21844,387,1.77,low desirability
Google Women's Short Sleeve Hero Tee Red Heather,37238,647,1.74,low desirability
Google Device Stand,40993,715,1.74,low desirability
24 oz YouTube Sergeant Stripe Bottle,85863,1495,1.74,low desirability
Google Long Sleeve Raglan Badge Henley Ocean Blue,24337,420,1.73,low desirability
Google Zipper-front Sports Bag,33436,575,1.72,low desirability
Compact Journal with Recycled Pages,12694,218,1.72,low desirability
Android Stretch Fit Hat Black,6212,106,1.71,low desirability
Plastic Sliding Flashlight,35700,603,1.69,low desirability
Google Tote Bag,46597,789,1.69,low desirability
Google 4400mAh Power Bank,24723,419,1.69,low desirability
Google 40 oz Insulated Monster Bottle,24614,417,1.69,low desirability
Ballpoint Stick Pen 4 Pack,10526,178,1.69,low desirability
Google Bluetooth Speaker-Power Bank,58136,979,1.68,low desirability
Android RFID Journal,24339,409,1.68,low desirability
Android BTTF Cosmos Graphic Tee,12355,207,1.68,low desirability
23 oz Wide Mouth Sport Bottle,38873,655,1.68,low desirability
Google Men's Short Sleeve Hero Tee Heather,56535,942,1.67,low desirability
YouTube 22 oz Infuser Bottle,1204,20,1.66,low desirability
Google Men's Performance Polo Grey/Black,50530,839,1.66,low desirability
Google Men's Bayside Graphic Tee,19066,316,1.66,low desirability
Basecamp Explorer Powerbank Flashlight,51078,850,1.66,low desirability
Google Infant Short Sleeve Tee Red,8441,139,1.65,low desirability
Google Men's Short Sleeve Hero Tee Charcoal,13416,220,1.64,low desirability
Google Bib White,26455,434,1.64,low desirability
Compact Eco Journal,3849,63,1.64,low desirability
Google Women's Hero V-Neck Tee White,15615,254,1.63,low desirability
Google Lunch Bag,73178,1192,1.63,low desirability
Rocket Flashlight,48585,785,1.62,low desirability
Google Youth Short Sleeve T-shirt Yellow,9517,154,1.62,low desirability
Android 22 oz Water Bottle Green,371,6,1.62,low desirability
YouTube Women's Fleece Hoodie Black,7248,117,1.61,low desirability
Google Heavyweight Long Sleeve Hero Tee Burgundy,38399,618,1.61,low desirability
Google Men's Short Sleeve Performance Badge Tee Navy,21315,338,1.59,low desirability
Android Glass Water Bottle with Black Sleeve,43792,697,1.59,low desirability
Google Men's Heavyweight Long Sleeve Hero Tee Burgundy,5367,85,1.58,low desirability
Suitcase Organizer Cubes,83332,1296,1.56,low desirability
Google 5-Panel Cap,29488,459,1.56,low desirability
Android Stretch Fit Hat,17797,277,1.56,low desirability
Ballpoint LED Light Pen,42484,655,1.54,low desirability
Android Women's Long Sleeve Blended Cardigan Grey,18387,283,1.54,low desirability
Android Toddler Short Sleeve T-shirt Aqua,13016,201,1.54,low desirability
Android Lifted Men's Short Sleeve Tee Blue,263,4,1.52,low desirability
22 oz Android Bottle,49732,757,1.52,low desirability
Google Executive Umbrella,7944,119,1.5,low desirability
Aluminum Handy Emergency Flashlight,35017,525,1.5,low desirability
Waze Women's Short Sleeve Tee,803,12,1.49,low desirability
Google Women's Quilted Insulated Vest Pewter,4828,72,1.49,low desirability
Google Women's 1/4 Zip Performance Pullover Black,17909,267,1.49,low desirability
Google Accent Insulated Stainless Steel Bottle,52805,787,1.49,low desirability
Google Four Color EDC Flashlight,405,6,1.48,low desirability
Google Infant Short Sleeve Tee Royal Blue,2865,42,1.47,low desirability
Google French Terry Cap,9606,141,1.47,low desirability
Android Men's Take Charge Short Sleeve Tee Purple,882,13,1.47,low desirability
Android Men's  Zip Hoodie,78658,1158,1.47,low desirability
Android Infant Short Sleeve Tee Pewter,8046,118,1.47,low desirability
Google Men's 100% Cotton Short Sleeve Hero Tee Red,86630,1268,1.46,low desirability
Google Infuser-Top Water Bottle,51196,748,1.46,low desirability
Google 5-Panel Snapback Cap,16924,247,1.46,low desirability
Android Men's Long & Lean Badge Tee Charcoal,3080,45,1.46,low desirability
Waze Pack of 9 Decal Set,10164,146,1.44,low desirability
Google Toddler Tee Fruit Games Strawberry,3755,54,1.44,low desirability
Google Men's Short Sleeve Badge Tee Charcoal,22977,331,1.44,low desirability
YouTube Trucker Hat,98246,1403,1.43,low desirability
Grip Kit Cable Organizer,23996,342,1.43,low desirability
Waze Mood Ninja Window Decal,15359,218,1.42,low desirability
Bottle Opener Clip,60615,854,1.41,low desirability
Android Women's Fleece Hoodie,15217,214,1.41,low desirability
Colored Pencil Set with Sharpener,285,4,1.4,low desirability
Google Women's Tank Top Light Gray,144,2,1.39,low desirability
Google Women's Lightweight Microfleece Jacket,42886,594,1.39,low desirability
Straw Beach Mat,31626,437,1.38,low desirability
Google Device Holder Sticky Pad,44565,614,1.38,low desirability
Google Bongo Cupholder Bluetooth Speaker,38373,531,1.38,low desirability
Android Spiral Journal with Pen,13106,181,1.38,low desirability
Switch Tone Color Crayon Pen,44578,608,1.36,low desirability
Satin Black Ballpoint Pen,12915,176,1.36,low desirability
Google Trucker Hat,63252,861,1.36,low desirability
Bic Digital Clic Stic Stylus Pen,3887,53,1.36,low desirability
1 oz Hand Sanitizer,58595,798,1.36,low desirability
Google Pocket Bluetooth Speaker,37814,510,1.35,low desirability
Google Men's Airflow 1/4 Zip Pullover Black,28092,379,1.35,low desirability
Google Toddler Short Sleeve T-shirt Grey,10780,144,1.34,low desirability
BLM Sweatshirt (Pre-Order),822,11,1.34,low desirability
Google Women's Convertible Vest-Jacket Sea Foam Green,46917,623,1.33,low desirability
Google Men's Vintage Badge Tee Sage,25194,334,1.33,low desirability
Google Adult Tee Fruit Games Cherries,3751,50,1.33,low desirability
Android Infant Short Sleeve Tee Pink,5853,78,1.33,low desirability
Google Men's Short Sleeve Performance Badge Tee Charcoal,23354,309,1.32,low desirability
Rubber Grip Ballpoint Pen 4 Pack,52167,684,1.31,low desirability
PaperMate Ink Joy Retractable Pen,3894,51,1.31,low desirability
Google Men's Quilted Insulated Vest Battleship Grey,20419,267,1.31,low desirability
Google Toddler Short Sleeve T-shirt Green,9973,130,1.3,low desirability
Compact Selfie Stick,56220,727,1.29,low desirability
Google Women's Weatherblock Shell Jacket Black,7518,96,1.28,low desirability
Google Women's Long Sleeve Tee Lavender,24779,316,1.28,low desirability
Google Women's Colorblock Tee White,1253,16,1.28,low desirability
Google Women's Badge Performance Tee Black,312,4,1.28,low desirability
Google Men's Performance Tee Gunmetal,6271,80,1.28,low desirability
Google Women's Short Sleeve Hero V-Neck Tee Black,9813,125,1.27,low desirability
22 oz YouTube Bottle Infuser,152546,1934,1.27,low desirability
Google Women's Badge Performance Tee Gunmetal,318,4,1.26,low desirability
Crunch-It Dog Toy,13478,170,1.26,low desirability
Yoga Block,31745,398,1.25,low desirability
Powerbank Flashlight,400,5,1.25,low desirability
Google Men's Skater Tee Charcoal,22721,283,1.25,low desirability
Google Women's Scoop Neck Tee Black,17576,217,1.23,low desirability
Google Men's Performance Badge Tee Navy,652,8,1.23,low desirability
Compact Bluetooth Speaker,48143,591,1.23,low desirability
YouTube RFID Journal,85342,1038,1.22,low desirability
Bic Intensity Clic Gel Pen,3850,47,1.22,low desirability
Waze Dress Socks,10963,133,1.21,low desirability
Google Women's Zip Hoodie Grey,10391,126,1.21,low desirability
16 oz. Hot/Cold Tumbler,4611,56,1.21,low desirability
Gunmetal Roller Ball Pen,11374,136,1.2,low desirability
Google Infant Short Sleeve Tee Cornflower Blue,3094,37,1.2,low desirability
Google Bib Red,28559,343,1.2,low desirability
Google Men's Vintage Badge Tee White,53522,639,1.19,low desirability
Collapsible Pet Bowl,4030,48,1.19,low desirability
Google Men's Performance 1/4 Zip Pullover Heather/Black,32421,384,1.18,low desirability
Google Ballpoint Pen Black,36870,435,1.18,low desirability
Google Women's 1/4 Zip Performance Pullover Two-Tone Blue,12948,152,1.17,low desirability
Google Snapback Hat Black,71098,834,1.17,low desirability
YouTube Notebook and Pen Set,46076,533,1.16,low desirability
YouTube Men's Short Sleeve Hero Tee Charcoal,129312,1499,1.16,low desirability
YouTube Men's Eco-Jersey Henley,10280,119,1.16,low desirability
Google Women's Short Sleeve Hero Tee Black,72781,844,1.16,low desirability
Google Luggage Tag,27035,313,1.16,low desirability
YouTube Onesie Heather,42877,494,1.15,low desirability
Speed Zone Air Mesh Tote,3580,41,1.15,low desirability
Google Men's Vintage Badge Tee Green,28688,329,1.15,low desirability
Android 24 oz Contigo Bottle,45637,524,1.15,low desirability
Stadium Cups-Sets of 4,8545,97,1.14,low desirability
Google Women's Short Sleeve V-Neck Tee Lavender,15488,177,1.14,low desirability
Android 17oz Stainless Steel Sport Bottle,68743,784,1.14,low desirability
Android 25 oz Green Apple Stainless Steel Bottle,3889,44,1.13,low desirability
Google Toddler Tee Fruit Games Cherries,3756,42,1.12,low desirability
Rainbow Stylus Pen,13298,147,1.11,low desirability
Google Women's Shell Jacket Blue/Black,16287,181,1.11,low desirability
Android Onesie Baby Blue,12732,141,1.11,low desirability
SPF-15 Slim & Slender Lip Balm,44559,491,1.1,low desirability
Retractable Ballpoint Pen Red,36516,400,1.1,low desirability
Waze Mood Original Window Decal,15465,169,1.09,low desirability
Google Men's Short Sleeve Performance Badge Tee Pewter,19741,215,1.09,low desirability
Waze Men's Typography Short Sleeve Tee,1308,14,1.07,low desirability
Google Women's Insulated Thermal Vest Navy,15491,165,1.07,low desirability
Google Men's Performance Badge Tee Gunmetal,656,7,1.07,low desirability
Google Toddler Sports T-shirt Red,3695,39,1.06,low desirability
Android BTTF Moonshot Graphic Tee,11885,126,1.06,low desirability
Metal Texture Roller Pen,36672,385,1.05,low desirability
Google Men's Convertible Vest-Jacket Pewter,48890,514,1.05,low desirability
Google Vintage Henley Grey/Black,34984,364,1.04,low desirability
Android Wool Heather Cap Heather/Black,58026,603,1.04,low desirability
YouTube Infant Short Sleeve Tee Red,6200,63,1.02,low desirability
YouTube Men's Long Sleeve Pullover Badge Tee Heather,58588,592,1.01,low desirability
Google Women's Short Sleeve Hero Tee Sky Blue,46240,469,1.01,low desirability
"7"" Dog Frisbee",442,400,90.5,high desirability