source,sessions,viewers,product_view_rate,traffic_quality
dfa,5679,1327,23.37,mid quality
sashihara.jp,277,64,23.1,mid quality
(direct),366877,70967,19.34,mid quality
mail.google.com,1455,281,19.31,mid quality
lunametrics.com,148,28,18.92,mid quality
bing,1525,285,18.69,mid quality
phandroid.com,222,41,18.47,mid quality
facebook.com,2286,398,17.41,mid quality
google,238769,40637,17.02,mid quality
plus.google.com,523,88,16.83,mid quality
duckduckgo.com,206,33,16.02,mid quality
docs.google.com,388,60,15.46,mid quality
sites.google.com,2983,461,15.45,mid quality
qiita.com,1811,262,14.47,mid quality
yahoo,1476,213,14.43,mid quality
dealspotr.com,528,75,14.2,mid quality
siliconvalley.about.com,2095,294,14.03,mid quality
l.facebook.com,789,107,13.56,mid quality
seroundtable.com,126,17,13.49,mid quality
groups.google.com,1025,134,13.07,mid quality
google.com,4659,590,12.66,mid quality
Partners,16322,1856,11.37,mid quality
google.co.jp,354,33,9.32,low quality
google.co.uk,194,18,9.28,low quality
m.facebook.com,3356,301,8.97,low quality
t.co,1525,98,6.43,low quality
analytics.google.com,15972,1006,6.3,low quality
reddit.com,2018,126,6.24,low quality
blog.golang.org,741,43,5.8,low quality
googleads.g.doubleclick.net,143,8,5.59,low quality
ask,270,14,5.19,low quality
productforums.google.com,364,17,4.67,low quality
int.search.tb.ask.com,110,5,4.55,low quality
quora.com,1545,57,3.69,low quality
support.google.com,101,3,2.97,low quality
optimize.google.com,175,4,2.29,low quality
youtube.com,211023,3444,1.63,low quality
baidu,3351,51,1.52,low quality
m.baidu.com,142,2,1.41,low quality
s0.2mdn.net,181,2,1.1,low quality